比赛风格名称,进攻型or防守型,风格描述,生效位置
偷猎者,进攻型,侵略性强，善于撕开对手最后层防线的前锋。,CF
虚假跑位,进攻型,吸引对手后卫，为其他球员创造空档的球员。,CF/SS/AMF
禁区之狐,进攻型,在禁区内隐藏，等待机会的前锋。,CF
站桩式中锋,进攻型,将自己定位成在锋线的一名站桩式中锋，并以身体保护球的球员。,CF
组织型前锋,进攻型,愿意回撤接球并帮助创造进攻机会的前锋球员。,CF/SS
有创意的中场指挥官,进攻型,利用任何防守空当展开进攻和助攻射门的球员。,SS/RWF/LWF/AMF/RMF/LMF
高产翼锋,进攻型,站在侧翼位置接收传球的球员，当机会出现时，偶尔也会切入中心。,RWF/LWF
自由侧翼,进攻型,倾向于从侧翼切入以接球的球员。,RWF/LWF/RMF/LMF
传中专家,进攻型,在边线伺机横传的球员。,RWF/LWF/RMF/LMF
传统十号位置,进攻型,保持高位站位，方便发起攻势，伺机前插参与射门。,SS/AMF
影子前锋,进攻型,有很大进攻欲望，一有机会就往前寻求射门的球员。,SS/AMF/RMF/LMF/CMF
全能中场,进攻型,整场比赛不懈奔跑，覆盖整个球场的球员。,RMF/LMF/CMF/DMF
靠山,进攻型,深入防守型中场。保护后方边线。,DMF
指挥官,进攻型,潜伏在更深的位置准备发起进攻的球员。,CMF/DMF
组织大师,进攻型,从较深位置参与进攻组织。,CB
额外前锋,进攻型,喜欢参与进攻，并争取每个机会围攻对手球门的后卫。,CB
进攻型后卫,进攻型,一有机会就跑向前场参与进攻的进攻型后卫。,RB/LB
防守型后卫,进攻型,喜欢留在后场执行防守任务的可靠后卫。,RB/LB
迭瓦式终结者,进攻型,喜欢介入中心区进攻的进攻型后卫。,RB/LB
高位防线门将,进攻型,进攻时保持高位站位，覆盖防线后方区域遏制反击。,GK
锋线施压,防守型,从锋线开始对门将及后卫实施高位压迫。,CF/SS/RWF/LWF
前场埋伏者,防守型,预判对方传球路线并占据有利位置。,CF/SS/RWF/LWF
突前球员,防守型,根据局势保留体力、避免回防，始终在前场待机进攻。,CF/SS/RWF/LWF/AMF
全能后卫,防守型,球队防守时积极回撤补位，应对对方攻势。,AMF/RMF/LMF/CMF/DMF
传球拦截者,防守型,主动封堵对方传球路线进行防守。,AMF/RMF/LMF/CMF/DMF
全能中场,防守型,整场比赛不懈奔跑，覆盖整个球场的球员。,RMF/LMF/CMF/DMF
靠山,防守型,深入防守型中场。保护后方边线。,DMF
破坏型中场,防守型,通过强硬的抢球和施压阻挡对方攻击的顽强斗士。,CMF/DMF/RB/LB/CB
补位型球员,防守型,主动补位进行逼迫的队友。,CMF/DMF/RB/LB/CB
高位防线大师,防守型,专注于保持高效防守阵型，确保防守时整体架构稳固。,RB/LB/CB
进攻型守门员,防守型,果断出击封锁射门角度，应对传到防线后方的球。,GK
防守型守门员,防守型,固守球门附近区域，避免贸然出击。,GK
清道夫门将,防守型,采取高位站位，迅猛出击覆盖防线后方广阔区域。,GK
