"序号","增能-中文","增能-英文","进攻意识","控球","盘球","紧密控球","地面传球","空中传球","射门","头球","罚定位球","弧线球","防守意识","防守参与度","抢球","积极性","守门员意识","守门员接球能力","守门员扑救","守门员扑救反应","守门员臂展","速度","加速","脚下力量","跳起","身体接触","平衡","体力","CF","SS","RWF/LWF","AMF","RMF/LMF","CMF","DMF","RB/LB","CB","GK"
"1","攻门","Shooting","","✓","","","","","✓","","","","","","","","","","","","","","","✓","","✓","","","5星","5星","5星","5星","5星","5星","","","5星",""
"2","罚任意球","Free-kick Taking","","","","","","","✓","","✓","✓","","","","","","","","","","","","✓","","","","","1星","1星","1星","1星","1星","","","","",""
"3","空中对抗","Aerial","","","","","","","✓","✓","","","","","","","","","","","","","","","✓","✓","","","4星","4星","","","","","","","4星","4星"
"4","传球","Passing","","","","","✓","✓","","","","✓","","","","","","","","","","","","✓","","","","","2星","2星","2星","2星","2星","2星","2星","","2星","2星"
"5","带球","Ball-carrying","","","✓","✓","","","","","","","","","","","","","","","","✓","","","","","✓","","5星","5星","5星","5星","5星","5星","","5星","",""
"6","技术","Technique","","✓","✓","✓","✓","","","","","","","","","","","","","","","","","","","","","","3星","3星","3星","3星","3星","3星","3星","3星","",""
"7","防守","Defending","","","","","","","","","","","✓","","✓","","","","","","","","✓","","✓","","","","","","","","","","4星","4星","",""
"8","1对1","Duelling","","","","","","","","","","","✓","","✓","","","","","","","✓","","","","","","✓","","","","","","","3星","3星","3星",""
"9","敏捷","Agility","","","","","","","","","","","","","","","","","","","","✓","✓","","","","✓","✓","5星","5星","5星","5星","5星","5星","5星","5星","5星",""
"10","身体素质","Physicality","","","","","","","","","","","","","","","","","","","","","","","✓","✓","✓","✓","3星","3星","3星","3星","3星","3星","3星","3星","3星","3星"
"11","守门","Goalkeeping","","","","","","","","","","","","","","","✓","✓","✓","✓","","","","","","","","","","","","","","","","","","4星"
"12","射手本能","Striker's Instinct","✓","✓","","","","","✓","","","","","","","","","","","","","","✓","","","","","","5星","5星","5星","5星","5星","5星","5星","","",""
"13","一夫当关","Shutdown","","","","","","","","","","","✓","✓","✓","","","","","","","✓","","","","","","","","","","","","4星","4星","4星","4星",""
"14","防守铁人","Hard Worker","","","","","","","","","","","","","","✓","","","","","","","✓","","","✓","","✓","","","4星","4星","4星","4星","4星","4星","4星",""
"15","固若金汤","Saving","","","","","","","","","","","","","","","✓","","✓","✓","✓","","","","","","","","","","","","","","","","","5星"
"16","传球大师","Crossing","","","","","","✓","","","","✓","","","","","","","","","","✓","","","","","","✓","","","4星","4星","4星","","","4星","",""
"17","球场幻想家","Fantasista","","✓","✓","","","","✓","","","","","","","","","","","","","","","","","","✓","","4星","4星","4星","4星","4星","4星","","","",""
"18","指挥官","Regista","","","","✓","✓","","","","","","✓","","✓","","","","","","","","","","","","","","","","","","","1星","1星","","",""
"19","后场组织","Rebuilding","","","","","✓","","","","","","✓","✓","","✓","","","","","","","","","","","","","","","","","","1星","1星","1星","1星",""
"20","精准","Accuracy","","","","","✓","✓","✓","","","","","","","","","","","","","","","✓","","","","","2星","2星","","","","","","","",""
"21","进攻发动机","Offence Creator","✓","✓","","","✓","","","","","","","","","","","","","","","","","✓","","","","","1星","1星","1星","1星","1星","","","","",""
"22","护球","Ball Protection","","✓","","✓","","","","","","","","","","","","","","","","","","","","✓","✓","","","2星","2星","2星","","","2星","","2星","2星"
"23","攻守兼备","Balancer","✓","","","","","","","","","","✓","","","","","","","","","","✓","","","","","✓","","","","","1星","","","","",""
"24","反击","Counter","","","","","✓","","","","","","","✓","✓","","","","","","","","","","","✓","","","","","","","","1星","1星","1星","1星",""
"25","空中防守","Aerial Block","","","","","","","","✓","","","✓","","","","","","","","","","","","✓","✓","","","","","","","","","2星","2星","2星","2星"
"26","突破","Breakthrough","","","✓","","","","","","","","","","","","","","","","","✓","","✓","","✓","","","4星","4星","4星","4星","4星","","","4星","",""
"27","强壮","Strength","","","","","","","","","","","","","","","","","","","","✓","","✓","✓","✓","","","3星","","3星","3星","3星","","","3星","3星","3星"
"28","无球跑位","Off the Ball","✓","","","","","","","","","","","","","","","","","","","✓","✓","","","","","✓","5星","5星","5星","","5星","","","","",""
"29","抢断","Stealing","","","","","","","","","","","","","✓","✓","","","","","","","✓","","","✓","","","","","","","","5星","5星","5星","5星",""
