技能,CF（高点型）,CF（灵巧型）,SS,LWF/RWF,AMF（边中全能）,AMF（花式高手）,LMF,RMF,CMF（高点型）,CMF（节拍器）,DMF,CB,LB/RB（防守型）,LB/RB（进攻普通型）,LB/RB（进攻内切型）,GK,技能推荐度
剪刀脚假动作,,,,,,,,,,,,,,,,,★☆☆☆☆
两次触球,★★★,★★★,★★★,★★★,★★★,,,,★★★,★★★,,,,,★★,,★★★★☆
牛摆尾,,★★,,★★,,★★,,,,,,,,,★★,,★★☆☆☆
马赛回旋,,,,,,★★,,,,★★,,,,,★★,,★★★☆☆
挑球过顶,,,,,,,,,,,,,,,,,★☆☆☆☆
脚后跟磕球变向,,,,,,,,,,,,,,,,,★☆☆☆☆
向后切球并转身,★★,,,,,,,,,,,,,,★★,,★★★☆☆
磕球过人,,,,,,,,,,,,,,,,,★☆☆☆☆
后脚磕球变向,,,,,,,,,,,,,,,,,★★★☆☆
足底控球,,★★,,★★,,★★,,,,,,,,,★★,,—
旋风盘带,,,,,,,,,,,,,,,,,★★★★★
瞬间加速,,,,,,,,,,,,,,,,,★★★☆☆
磁力脚,,,,,,,,,,,,,,,,,★★★★☆
头球,★★,,,,,,,,★★,,★★★,★★★,★★★,★★,★★,,★★★☆☆
炮弹式头球,,,,,,,,,,,,,,,,,★★★★☆
远距离弧线球,,,,★★,★★★,,,,,,,,,,,,★★★★☆
弧线落叶射门,,,,,,,,,,,,,,,,,★★★★☆
吊射控制,,,,,,,,,,,,,,,,,★★☆☆☆
落叶球射门,,,,,,,,,,,,,,,,,★★☆☆☆
急坠射门,,,,,,,,,,,,,,,,,★★★☆☆
急升射门,,,,,,,,,,,,,,,,,★★☆☆☆
远射,★★★,★★★,★★★,★★★,★★★,,,,★★★,★★★,,,,,,,★★★★☆
掠地瞬击,,,,,,,,,,,,,,,,,★★★★☆
瞬发射门,,,,,,,,,,,,,,,,,★★★★☆
杂技般进球,,,,,,,,,,,,,,,,,★★★☆☆
脚跟绝技,,,,,,,,,,,,,,,,,★★★☆☆
一脚射门,★★★,★★★,★★★,★★★,★★★,,,,,,,,,,,,★★★★★
无定型射门,,,,,,,,,,,,,,,,,★★★★☆
百折不挠,,,,,,,,,,,,,,,,,★★☆☆☆
一脚传球,★★★,★★★,★★★,★★★,★★★,,,,★★★,★★★,★★★,★★★,★★★,★★★,★★★,,★★★★★
直传球,★★★,★★★,★★★,★★★,★★★,,,,★★★,★★★,★★★,,,★★★,★★★,,★★★★★
精准长传,,,,,,,,,★★★,★★★,★★★,★★★,★★★,★★★,★★★,,★★★☆☆
精确横传球,,,,★★,★★,,,,,,,,,★★★,★★★,,★★★★☆
急坠传中,,,,,,,,,,,,,,,,,★★★★☆
外脚背弧线球,,,,,,,,,,,,,,,,,★★★★☆
插花脚,,,,,,,,,,,,,,,,,★☆☆☆☆
不看球员传球,,,,,,,,,,,,,,,,,★☆☆☆☆
翻盘传球,,,,,,,,,,,,,,,,,★☆☆☆☆
到位传球,,,,,,,,,,,,,,,,,★★★☆☆
无定型传球,,,,,,,,,,,,,,,,,★★★★★
低空传球,,,,,,,,,★★★,★★★,★★★,★★★,★★★,,,,★★☆☆☆
守门员低弹道凌空球,,,,,,,,,,,,,,,,,★★★☆☆
守门员高弹道凌空球,,,,,,,,,,,,,,,,,★★☆☆☆
长距离投掷,,,,,,,,,,,,,,,,,★★☆☆☆
守门员长距离投掷,,,,,,,,,,,,,,,,,★★☆☆☆
点球专家,,,,,,,,,,,,,,,,,★☆☆☆☆
守门员扑点球,,,,,,,,,,,,,,,,,★★☆☆☆
守门员指挥防守,,,,,,,,,,,,,,,,,★★☆☆☆
门神战吼,,,,,,,,,,,,,,,,,★★☆☆☆
假摔,,,,,,,,,,,,,,,,,★★☆☆☆
盯人,,,,,,,,,★★★,★★★,★★★,★★★,★★★,★★★,★★★,,★★★★☆
压迫,,,,,,,,,,,,,,,,,★★☆☆☆
截球,,,,,,,,,★★★,★★★,★★★,★★★,★★★,★★★,★★★,,★★★★☆
封堵,,,,,,,,,,,★★★,★★★,★★★,★★★,★★★,,★★★★☆
空中优势,★★,,,,,,,,★★,,★★★,★★★,★★★,★★,★★,,★★★★☆
飞身铲球,,,,,,,,,,,★★★,★★★,★★★,,,,★★★☆☆
伸脚抢截,,,,,,,,,,,,,,,,,★★★★★
后防领袖,,,,,,,,,,,,,,,,,★★★☆☆
杂技般解围,,,,,,,,,,,,★★★,★★★,★★,★★,,★★★☆☆
空中堡垒,,,,,,,,,,,,,,,,,★★★☆☆
紧急回防,,,,,,,,,,,,,,,,,★★★★☆
队长,,,,,,,,,,,,,,,,,★★☆☆☆
进攻号手,,,,,,,,,,,,,,,,,★★☆☆☆
超级候补,,,,,,,,,,,,,,,,,★★★☆☆
战斗精神,★★,,,,,,,,,,★★★,★★★,★★★,★★★,★★★,,★★★☆☆
进攻提速,,,,,,,,,,,,,,,,,★★★★★
强力抢断,,,,,,,,,,,,,,,,,★★★★☆
