方案,方案ID,位置,定位,技能,推荐等级
Skye,1,CF,通用,一脚射门,3
Skye,1,CF,通用,两次触球,3
Skye,1,CF,通用,急坠射门,3
Skye,1,CF,通用,战斗精神,3
Skye,1,CF,通用,远射,3
Skye,1,CF,通用,远距离弧线球,3
Skye,1,CF,通用,吊射控制,2
Skye,1,CF,通用,头球,2
Skye,1,CF,通用,杂技般进球,2
Skye,1,CF,通用,脚跟绝技,2
Skye,1,CF,通用,假摔,1
Skye,1,CF,通用,空中优势,1
Skye,1,CF,通用,超级候补,1
Skye,1,CF,通用,马赛回旋,1
Skye,1,SS,通用,一脚射门,3
Skye,1,SS,通用,两次触球,3
Skye,1,SS,通用,精确横传球,3
Skye,1,SS,通用,远射,3
Skye,1,SS,通用,远距离弧线球,3
Skye,1,SS,通用,急坠射门,2
Skye,1,SS,通用,脚跟绝技,2
Skye,1,SS,通用,马赛回旋,2
Skye,1,SS,通用,假摔,1
Skye,1,SS,通用,吊射控制,1
Skye,1,SS,通用,超级候补,1
Skye,1,RWF/LWF,通用,两次触球,3
Skye,1,RWF/LWF,通用,远射,3
Skye,1,RWF/LWF,通用,远距离弧线球,3
Skye,1,RWF/LWF,通用,马赛回旋,3
Skye,1,RWF/LWF,通用,一脚射门,2
Skye,1,RWF/LWF,通用,急坠射门,2
Skye,1,RWF/LWF,通用,精确横传球,2
Skye,1,RWF/LWF,通用,脚跟绝技,2
Skye,1,RWF/LWF,通用,假摔,1
Skye,1,RWF/LWF,通用,吊射控制,1
Skye,1,RWF/LWF,通用,超级候补,1
Skye,1,AMF,通用,两次触球,3
Skye,1,AMF,通用,远射,3
Skye,1,AMF,通用,远距离弧线球,3
Skye,1,AMF,通用,马赛回旋,3
Skye,1,AMF,通用,一脚射门,2
Skye,1,AMF,通用,急坠射门,2
Skye,1,AMF,通用,脚跟绝技,2
Skye,1,AMF,通用,假摔,1
Skye,1,AMF,通用,精确横传球,1
Skye,1,AMF,通用,超级候补,1
Skye,1,CMF,通用,精确横传球,3
Skye,1,CMF,通用,两次触球,2
Skye,1,CMF,通用,截球,2
Skye,1,CMF,通用,脚跟绝技,2
Skye,1,CMF,通用,远射,2
Skye,1,CMF,通用,远距离弧线球,2
Skye,1,CMF,通用,飞身铲球,2
Skye,1,CMF,通用,马赛回旋,2
Skye,1,CMF,通用,假摔,1
Skye,1,CMF,通用,封堵,1
Skye,1,CMF,通用,盯人,1
Skye,1,CMF,通用,精准长传,1
Skye,1,DMF,通用,封堵,3
Skye,1,DMF,通用,截球,3
Skye,1,DMF,通用,盯人,3
Skye,1,DMF,通用,飞身铲球,3
Skye,1,DMF,通用,杂技般解围,2
Skye,1,DMF,通用,空中优势,2
Skye,1,DMF,通用,精准长传,2
Skye,1,DMF,通用,精确横传球,2
Skye,1,DMF,通用,两次触球,1
Skye,1,DMF,通用,头球,1
Skye,1,RMF/LMF,通用,两次触球,2
Skye,1,RMF/LMF,通用,空中优势,2
Skye,1,RMF/LMF,通用,脚跟绝技,2
Skye,1,RMF/LMF,通用,远射,2
Skye,1,RMF/LMF,通用,远距离弧线球,2
Skye,1,RMF/LMF,通用,马赛回旋,2
Skye,1,RMF/LMF,通用,假摔,1
Skye,1,RMF/LMF,通用,封堵,1
Skye,1,RMF/LMF,通用,截球,1
Skye,1,RMF/LMF,通用,飞身铲球,1
Skye,1,RB/LB,通用,封堵,3
Skye,1,RB/LB,通用,截球,3
Skye,1,RB/LB,通用,杂技般解围,3
Skye,1,RB/LB,通用,盯人,3
Skye,1,RB/LB,通用,空中优势,3
Skye,1,RB/LB,通用,飞身铲球,3
Skye,1,RB/LB,通用,精准长传,2
Skye,1,RB/LB,通用,两次触球,1
Skye,1,RB/LB,通用,外脚背弧线球,1
Skye,1,RB/LB,通用,头球,1
Skye,1,CB,通用,封堵,3
Skye,1,CB,通用,截球,3
Skye,1,CB,通用,杂技般解围,3
Skye,1,CB,通用,盯人,3
Skye,1,CB,通用,空中优势,3
Skye,1,CB,通用,精准长传,3
Skye,1,CB,通用,飞身铲球,3
Skye,1,CB,通用,头球,2
Skye,1,CB,通用,外脚背弧线球,1
Skye,1,CB,通用,直传球,1
Skye,1,GK,通用,守门员低弹道凌空球,3
Skye,1,GK,通用,守门员长距离投掷,3
Skye,1,GK,通用,精准长传,3
Skye,1,GK,通用,守门员扑点球,2
Skye,1,GK,通用,守门员高弹道凌空球,2
Skye,1,GK,通用,一脚传球,1
Skye,1,GK,通用,外脚背弧线球,1
Skye,1,GK,通用,直传球,1
冲啊大叔 CasToR,2,CF,通用,一脚传球,3
冲啊大叔 CasToR,2,CF,通用,一脚射门,3
冲啊大叔 CasToR,2,CF,通用,外脚背弧线球,3
冲啊大叔 CasToR,2,CF,通用,杂技般进球,3
冲啊大叔 CasToR,2,CF,通用,远射,3
冲啊大叔 CasToR,2,CF,通用,远距离弧线球,3
冲啊大叔 CasToR,2,CF,通用,两次触球,2
冲啊大叔 CasToR,2,CF,通用,头球,2
冲啊大叔 CasToR,2,CF,通用,直传球,2
冲啊大叔 CasToR,2,CF,通用,空中优势,2
冲啊大叔 CasToR,2,CF,通用,足底控球,2
冲啊大叔 CasToR,2,CF,通用,压迫,1
冲啊大叔 CasToR,2,CF,通用,战斗精神,1
冲啊大叔 CasToR,2,CF,通用,牛摆尾,1
冲啊大叔 CasToR,2,CF,通用,脚跟绝技,1
冲啊大叔 CasToR,2,CF,通用,超级候补,1
冲啊大叔 CasToR,2,SS,通用,一脚传球,3
冲啊大叔 CasToR,2,SS,通用,一脚射门,3
冲啊大叔 CasToR,2,SS,通用,两次触球,3
冲啊大叔 CasToR,2,SS,通用,牛摆尾,3
冲啊大叔 CasToR,2,SS,通用,直传球,3
冲啊大叔 CasToR,2,SS,通用,足底控球,3
冲啊大叔 CasToR,2,SS,通用,远射,3
冲啊大叔 CasToR,2,SS,通用,远距离弧线球,3
冲啊大叔 CasToR,2,SS,通用,外脚背弧线球,2
冲啊大叔 CasToR,2,SS,通用,杂技般进球,2
冲啊大叔 CasToR,2,SS,通用,精确横传球,2
冲啊大叔 CasToR,2,SS,通用,战斗精神,1
冲啊大叔 CasToR,2,SS,通用,脚跟绝技,1
冲啊大叔 CasToR,2,SS,通用,超级候补,1
冲啊大叔 CasToR,2,RWF/LWF,逆足边路，内切为主,一脚传球,3
冲啊大叔 CasToR,2,RWF/LWF,逆足边路，内切为主,一脚射门,3
冲啊大叔 CasToR,2,RWF/LWF,逆足边路，内切为主,两次触球,3
冲啊大叔 CasToR,2,RWF/LWF,逆足边路，内切为主,外脚背弧线球,3
冲啊大叔 CasToR,2,RWF/LWF,逆足边路，内切为主,牛摆尾,3
冲啊大叔 CasToR,2,RWF/LWF,逆足边路，内切为主,直传球,3
冲啊大叔 CasToR,2,RWF/LWF,逆足边路，内切为主,精确横传球,3
冲啊大叔 CasToR,2,RWF/LWF,逆足边路，内切为主,足底控球,3
冲啊大叔 CasToR,2,RWF/LWF,逆足边路，内切为主,远射,3
冲啊大叔 CasToR,2,RWF/LWF,逆足边路，内切为主,远距离弧线球,3
冲啊大叔 CasToR,2,RWF/LWF,逆足边路，内切为主,杂技般进球,2
冲啊大叔 CasToR,2,RWF/LWF,逆足边路，内切为主,低空传球,1
冲啊大叔 CasToR,2,RWF/LWF,逆足边路，内切为主,压迫,1
冲啊大叔 CasToR,2,RWF/LWF,逆足边路，内切为主,战斗精神,1
冲啊大叔 CasToR,2,RWF/LWF,逆足边路，内切为主,截球,1
冲啊大叔 CasToR,2,RWF/LWF,逆足边路，内切为主,精准长传,1
冲啊大叔 CasToR,2,RWF/LWF,逆足边路，内切为主,超级候补,1
冲啊大叔 CasToR,2,RWF/LWF,顺足边路，传中为主,一脚传球,3
冲啊大叔 CasToR,2,RWF/LWF,顺足边路，传中为主,两次触球,3
冲啊大叔 CasToR,2,RWF/LWF,顺足边路，传中为主,外脚背弧线球,3
冲啊大叔 CasToR,2,RWF/LWF,顺足边路，传中为主,直传球,3
冲啊大叔 CasToR,2,RWF/LWF,顺足边路，传中为主,精确横传球,3
冲啊大叔 CasToR,2,RWF/LWF,顺足边路，传中为主,远距离弧线球,3
冲啊大叔 CasToR,2,RWF/LWF,顺足边路，传中为主,一脚射门,2
冲啊大叔 CasToR,2,RWF/LWF,顺足边路，传中为主,低空传球,2
冲啊大叔 CasToR,2,RWF/LWF,顺足边路，传中为主,牛摆尾,2
冲啊大叔 CasToR,2,RWF/LWF,顺足边路，传中为主,精准长传,2
冲啊大叔 CasToR,2,RWF/LWF,顺足边路，传中为主,足底控球,2
冲啊大叔 CasToR,2,RWF/LWF,顺足边路，传中为主,远射,2
冲啊大叔 CasToR,2,RWF/LWF,顺足边路，传中为主,压迫,1
冲啊大叔 CasToR,2,RWF/LWF,顺足边路，传中为主,战斗精神,1
冲啊大叔 CasToR,2,RWF/LWF,顺足边路，传中为主,截球,1
冲啊大叔 CasToR,2,RWF/LWF,顺足边路，传中为主,杂技般进球,1
冲啊大叔 CasToR,2,RWF/LWF,顺足边路，传中为主,超级候补,1
冲啊大叔 CasToR,2,AMF,通用,一脚传球,3
冲啊大叔 CasToR,2,AMF,通用,一脚射门,3
冲啊大叔 CasToR,2,AMF,通用,两次触球,3
冲啊大叔 CasToR,2,AMF,通用,外脚背弧线球,3
冲啊大叔 CasToR,2,AMF,通用,牛摆尾,3
冲啊大叔 CasToR,2,AMF,通用,直传球,3
冲啊大叔 CasToR,2,AMF,通用,足底控球,3
冲啊大叔 CasToR,2,AMF,通用,远射,3
冲啊大叔 CasToR,2,AMF,通用,远距离弧线球,3
冲啊大叔 CasToR,2,AMF,通用,低空传球,2
冲啊大叔 CasToR,2,AMF,通用,杂技般进球,2
冲啊大叔 CasToR,2,AMF,通用,精准长传,2
冲啊大叔 CasToR,2,AMF,通用,精确横传球,2
冲啊大叔 CasToR,2,AMF,通用,压迫,1
冲啊大叔 CasToR,2,AMF,通用,战斗精神,1
冲啊大叔 CasToR,2,AMF,通用,截球,1
冲啊大叔 CasToR,2,AMF,通用,脚跟绝技,1
冲啊大叔 CasToR,2,AMF,通用,超级候补,1
冲啊大叔 CasToR,2,CMF,B2B、组织型,一脚传球,3
冲啊大叔 CasToR,2,CMF,B2B、组织型,一脚射门,3
冲啊大叔 CasToR,2,CMF,B2B、组织型,低空传球,3
冲啊大叔 CasToR,2,CMF,B2B、组织型,外脚背弧线球,3
冲啊大叔 CasToR,2,CMF,B2B、组织型,封堵,3
冲啊大叔 CasToR,2,CMF,B2B、组织型,截球,3
冲啊大叔 CasToR,2,CMF,B2B、组织型,直传球,3
冲啊大叔 CasToR,2,CMF,B2B、组织型,空中优势,3
冲啊大叔 CasToR,2,CMF,B2B、组织型,精准长传,3
冲啊大叔 CasToR,2,CMF,B2B、组织型,远射,3
冲啊大叔 CasToR,2,CMF,B2B、组织型,两次触球,2
冲啊大叔 CasToR,2,CMF,B2B、组织型,盯人,2
冲啊大叔 CasToR,2,CMF,B2B、组织型,精确横传球,2
冲啊大叔 CasToR,2,CMF,B2B、组织型,足底控球,2
冲啊大叔 CasToR,2,CMF,B2B、组织型,远距离弧线球,2
冲啊大叔 CasToR,2,CMF,B2B、组织型,压迫,1
冲啊大叔 CasToR,2,CMF,B2B、组织型,头球,1
冲啊大叔 CasToR,2,CMF,B2B、组织型,战斗精神,1
冲啊大叔 CasToR,2,CMF,B2B、组织型,杂技般解围,1
冲啊大叔 CasToR,2,CMF,B2B、组织型,超级候补,1
冲啊大叔 CasToR,2,CMF,B2B、组织型,飞身铲球,1
冲啊大叔 CasToR,2,CMF,破坏者、全能、无风格,一脚传球,3
冲啊大叔 CasToR,2,CMF,破坏者、全能、无风格,压迫,3
冲啊大叔 CasToR,2,CMF,破坏者、全能、无风格,截球,3
冲啊大叔 CasToR,2,CMF,破坏者、全能、无风格,盯人,3
冲啊大叔 CasToR,2,CMF,破坏者、全能、无风格,直传球,3
冲啊大叔 CasToR,2,CMF,破坏者、全能、无风格,空中优势,3
冲啊大叔 CasToR,2,CMF,破坏者、全能、无风格,低空传球,2
冲啊大叔 CasToR,2,CMF,破坏者、全能、无风格,外脚背弧线球,2
冲啊大叔 CasToR,2,CMF,破坏者、全能、无风格,封堵,2
冲啊大叔 CasToR,2,CMF,破坏者、全能、无风格,杂技般解围,2
冲啊大叔 CasToR,2,CMF,破坏者、全能、无风格,精准长传,2
冲啊大叔 CasToR,2,CMF,破坏者、全能、无风格,飞身铲球,2
冲啊大叔 CasToR,2,CMF,破坏者、全能、无风格,一脚射门,1
冲啊大叔 CasToR,2,CMF,破坏者、全能、无风格,头球,1
冲啊大叔 CasToR,2,CMF,破坏者、全能、无风格,战斗精神,1
冲啊大叔 CasToR,2,CMF,破坏者、全能、无风格,远射,1
冲啊大叔 CasToR,2,DMF,破坏者、全能、无风格,一脚传球,3
冲啊大叔 CasToR,2,DMF,破坏者、全能、无风格,压迫,3
冲啊大叔 CasToR,2,DMF,破坏者、全能、无风格,截球,3
冲啊大叔 CasToR,2,DMF,破坏者、全能、无风格,盯人,3
冲啊大叔 CasToR,2,DMF,破坏者、全能、无风格,直传球,3
冲啊大叔 CasToR,2,DMF,破坏者、全能、无风格,空中优势,3
冲啊大叔 CasToR,2,DMF,破坏者、全能、无风格,低空传球,2
冲啊大叔 CasToR,2,DMF,破坏者、全能、无风格,外脚背弧线球,2
冲啊大叔 CasToR,2,DMF,破坏者、全能、无风格,封堵,2
冲啊大叔 CasToR,2,DMF,破坏者、全能、无风格,杂技般解围,2
冲啊大叔 CasToR,2,DMF,破坏者、全能、无风格,精准长传,2
冲啊大叔 CasToR,2,DMF,破坏者、全能、无风格,飞身铲球,2
冲啊大叔 CasToR,2,DMF,破坏者、全能、无风格,一脚射门,1
冲啊大叔 CasToR,2,DMF,破坏者、全能、无风格,头球,1
冲啊大叔 CasToR,2,DMF,破坏者、全能、无风格,战斗精神,1
冲啊大叔 CasToR,2,DMF,破坏者、全能、无风格,远射,1
冲啊大叔 CasToR,2,DMF,靠山、指挥官,一脚传球,3
冲啊大叔 CasToR,2,DMF,靠山、指挥官,低空传球,3
冲啊大叔 CasToR,2,DMF,靠山、指挥官,外脚背弧线球,3
冲啊大叔 CasToR,2,DMF,靠山、指挥官,封堵,3
冲啊大叔 CasToR,2,DMF,靠山、指挥官,截球,3
冲啊大叔 CasToR,2,DMF,靠山、指挥官,直传球,3
冲啊大叔 CasToR,2,DMF,靠山、指挥官,空中优势,3
冲啊大叔 CasToR,2,DMF,靠山、指挥官,精准长传,3
冲啊大叔 CasToR,2,DMF,靠山、指挥官,一脚射门,2
冲啊大叔 CasToR,2,DMF,靠山、指挥官,头球,2
冲啊大叔 CasToR,2,DMF,靠山、指挥官,杂技般解围,2
冲啊大叔 CasToR,2,DMF,靠山、指挥官,盯人,2
冲啊大叔 CasToR,2,DMF,靠山、指挥官,远射,2
冲啊大叔 CasToR,2,DMF,靠山、指挥官,飞身铲球,2
冲啊大叔 CasToR,2,DMF,靠山、指挥官,战斗精神,1
冲啊大叔 CasToR,2,DMF,靠山、指挥官,足底控球,1
冲啊大叔 CasToR,2,DMF,靠山、指挥官,远距离弧线球,1
冲啊大叔 CasToR,2,RMF/LMF,逆足边路，内切为主,一脚传球,3
冲啊大叔 CasToR,2,RMF/LMF,逆足边路，内切为主,一脚射门,3
冲啊大叔 CasToR,2,RMF/LMF,逆足边路，内切为主,两次触球,3
冲啊大叔 CasToR,2,RMF/LMF,逆足边路，内切为主,外脚背弧线球,3
冲啊大叔 CasToR,2,RMF/LMF,逆足边路，内切为主,牛摆尾,3
冲啊大叔 CasToR,2,RMF/LMF,逆足边路，内切为主,直传球,3
冲啊大叔 CasToR,2,RMF/LMF,逆足边路，内切为主,精确横传球,3
冲啊大叔 CasToR,2,RMF/LMF,逆足边路，内切为主,足底控球,3
冲啊大叔 CasToR,2,RMF/LMF,逆足边路，内切为主,远射,3
冲啊大叔 CasToR,2,RMF/LMF,逆足边路，内切为主,远距离弧线球,3
冲啊大叔 CasToR,2,RMF/LMF,逆足边路，内切为主,杂技般进球,2
冲啊大叔 CasToR,2,RMF/LMF,逆足边路，内切为主,低空传球,1
冲啊大叔 CasToR,2,RMF/LMF,逆足边路，内切为主,压迫,1
冲啊大叔 CasToR,2,RMF/LMF,逆足边路，内切为主,战斗精神,1
冲啊大叔 CasToR,2,RMF/LMF,逆足边路，内切为主,截球,1
冲啊大叔 CasToR,2,RMF/LMF,逆足边路，内切为主,精准长传,1
冲啊大叔 CasToR,2,RMF/LMF,逆足边路，内切为主,超级候补,1
冲啊大叔 CasToR,2,RMF/LMF,顺足边路，传中为主,一脚传球,3
冲啊大叔 CasToR,2,RMF/LMF,顺足边路，传中为主,两次触球,3
冲啊大叔 CasToR,2,RMF/LMF,顺足边路，传中为主,外脚背弧线球,3
冲啊大叔 CasToR,2,RMF/LMF,顺足边路，传中为主,直传球,3
冲啊大叔 CasToR,2,RMF/LMF,顺足边路，传中为主,精确横传球,3
冲啊大叔 CasToR,2,RMF/LMF,顺足边路，传中为主,远距离弧线球,3
冲啊大叔 CasToR,2,RMF/LMF,顺足边路，传中为主,一脚射门,2
冲啊大叔 CasToR,2,RMF/LMF,顺足边路，传中为主,低空传球,2
冲啊大叔 CasToR,2,RMF/LMF,顺足边路，传中为主,牛摆尾,2
冲啊大叔 CasToR,2,RMF/LMF,顺足边路，传中为主,精准长传,2
冲啊大叔 CasToR,2,RMF/LMF,顺足边路，传中为主,足底控球,2
冲啊大叔 CasToR,2,RMF/LMF,顺足边路，传中为主,远射,2
冲啊大叔 CasToR,2,RMF/LMF,顺足边路，传中为主,压迫,1
冲啊大叔 CasToR,2,RMF/LMF,顺足边路，传中为主,战斗精神,1
冲啊大叔 CasToR,2,RMF/LMF,顺足边路，传中为主,截球,1
冲啊大叔 CasToR,2,RMF/LMF,顺足边路，传中为主,杂技般进球,1
冲啊大叔 CasToR,2,RMF/LMF,顺足边路，传中为主,超级候补,1
冲啊大叔 CasToR,2,RB/LB,顺足边后卫，非叠瓦,一脚传球,3
冲啊大叔 CasToR,2,RB/LB,顺足边后卫，非叠瓦,封堵,3
冲啊大叔 CasToR,2,RB/LB,顺足边后卫，非叠瓦,截球,3
冲啊大叔 CasToR,2,RB/LB,顺足边后卫，非叠瓦,盯人,3
冲啊大叔 CasToR,2,RB/LB,顺足边后卫，非叠瓦,直传球,3
冲啊大叔 CasToR,2,RB/LB,顺足边后卫，非叠瓦,精确横传球,3
冲啊大叔 CasToR,2,RB/LB,顺足边后卫，非叠瓦,两次触球,2
冲啊大叔 CasToR,2,RB/LB,顺足边后卫，非叠瓦,低空传球,2
冲啊大叔 CasToR,2,RB/LB,顺足边后卫，非叠瓦,空中优势,2
冲啊大叔 CasToR,2,RB/LB,顺足边后卫，非叠瓦,精准长传,2
冲啊大叔 CasToR,2,RB/LB,顺足边后卫，非叠瓦,飞身铲球,2
冲啊大叔 CasToR,2,RB/LB,顺足边后卫，非叠瓦,外脚背弧线球,1
冲啊大叔 CasToR,2,RB/LB,顺足边后卫，非叠瓦,战斗精神,1
冲啊大叔 CasToR,2,RB/LB,顺足边后卫，非叠瓦,杂技般解围,1
冲啊大叔 CasToR,2,RB/LB,顺足边后卫，非叠瓦,远射,1
冲啊大叔 CasToR,2,RB/LB,顺足边后卫，非叠瓦,远距离弧线球,1
冲啊大叔 CasToR,2,CB,通用,一脚传球,3
冲啊大叔 CasToR,2,CB,通用,封堵,3
冲啊大叔 CasToR,2,CB,通用,截球,3
冲啊大叔 CasToR,2,CB,通用,盯人,3
冲啊大叔 CasToR,2,CB,通用,空中优势,3
冲啊大叔 CasToR,2,CB,通用,低空传球,2
冲啊大叔 CasToR,2,CB,通用,外脚背弧线球,2
冲啊大叔 CasToR,2,CB,通用,头球,2
冲啊大叔 CasToR,2,CB,通用,直传球,2
冲啊大叔 CasToR,2,CB,通用,精准长传,2
冲啊大叔 CasToR,2,CB,通用,飞身铲球,2
冲啊大叔 CasToR,2,CB,通用,战斗精神,1
冲啊大叔 CasToR,2,CB,通用,杂技般解围,1
冲啊大叔 CasToR,2,GK,通用,守门员低弹道凌空球,3
冲啊大叔 CasToR,2,GK,通用,一脚传球,2
冲啊大叔 CasToR,2,GK,通用,低空传球,2
冲啊大叔 CasToR,2,GK,通用,守门员扑点球,2
冲啊大叔 CasToR,2,GK,通用,守门员长距离投掷,2
冲啊大叔 CasToR,2,GK,通用,直传球,2
冲啊大叔 CasToR,2,GK,通用,精准长传,2
冲啊大叔 CasToR,2,GK,通用,外脚背弧线球,1
冲啊大叔 CasToR,2,GK,通用,战斗精神,1
