位置,技能,推荐等级,最终连续分,可参与专家数,支持专家数,专家支持率
CF,一脚射门,3,3.0,3,3,1.0
CF,远射,3,2.88,3,3,1.0
CF,两次触球,3,2.6133,3,3,1.0
CF,一脚传球,3,2.5,3,2,0.6667
CF,远距离弧线球,2,2.4,3,2,0.6667
CF,直传球,2,2.1667,3,2,0.6667
CF,杂技般进球,2,1.9667,3,2,0.6667
CF,头球,2,1.96,3,3,1.0
CF,战斗精神,2,1.96,3,3,1.0
CF,外脚背弧线球,2,1.92,3,1,0.3333
CF,急坠射门,2,1.84,3,1,0.3333
CF,空中优势,2,1.8133,3,3,1.0
CF,足底控球,2,1.6667,3,2,0.6667
CF,向后切球并转身,1,1.3067,3,1,0.3333
CF,脚跟绝技,1,1.3,3,2,0.6667
CF,吊射控制,1,1.2267,3,1,0.3333
CF,牛摆尾,1,1.2,3,2,0.6667
CF,超级候补,1,0.9667,3,2,0.6667
CF,马赛回旋,1,0.7733,3,1,0.3333
CF,假摔,1,0.6933,3,1,0.3333
CF,压迫,1,0.6933,3,1,0.3333
SS,一脚射门,3,3.0,3,3,1.0
SS,两次触球,3,2.88,3,3,1.0
SS,远射,3,2.88,3,3,1.0
SS,一脚传球,3,2.5,3,2,0.6667
SS,直传球,3,2.5,3,2,0.6667
SS,远距离弧线球,2,2.4,3,2,0.6667
SS,精确横传球,2,2.0667,3,2,0.6667
SS,足底控球,2,2.0,3,1,0.3333
SS,牛摆尾,2,1.76,3,1,0.3333
SS,外脚背弧线球,1,1.3867,3,1,0.3333
SS,急坠射门,1,1.3067,3,1,0.3333
SS,杂技般进球,1,1.3067,3,1,0.3333
SS,马赛回旋,1,1.3067,3,1,0.3333
SS,脚跟绝技,1,1.3,3,2,0.6667
SS,超级候补,1,0.9667,3,2,0.6667
SS,战斗精神,1,0.7733,3,1,0.3333
SS,假摔,1,0.6933,3,1,0.3333
SS,吊射控制,1,0.6933,3,1,0.3333
RWF/LWF,两次触球,3,2.88,3,3,1.0
RWF/LWF,远射,3,2.7467,3,3,1.0
RWF/LWF,远距离弧线球,3,2.6133,3,3,1.0
RWF/LWF,一脚射门,3,2.6,3,3,1.0
RWF/LWF,一脚传球,3,2.5,3,2,0.6667
RWF/LWF,直传球,3,2.5,3,2,0.6667
RWF/LWF,精确横传球,2,2.3467,3,3,1.0
RWF/LWF,外脚背弧线球,2,1.92,3,1,0.3333
RWF/LWF,足底控球,2,1.875,3,2,0.6667
RWF/LWF,马赛回旋,2,1.84,3,1,0.3333
RWF/LWF,牛摆尾,2,1.7,3,2,0.6667
RWF/LWF,急坠射门,1,1.3067,3,1,0.3333
RWF/LWF,脚跟绝技,1,1.3067,3,1,0.3333
RWF/LWF,杂技般进球,1,1.04,3,1,0.3333
RWF/LWF,精准长传,1,1.04,3,1,0.3333
RWF/LWF,超级候补,1,0.9667,3,2,0.6667
RWF/LWF,低空传球,1,0.96,3,1,0.3333
RWF/LWF,截球,1,0.8533,3,1,0.3333
RWF/LWF,战斗精神,1,0.7733,3,1,0.3333
RWF/LWF,假摔,1,0.6933,3,1,0.3333
RWF/LWF,压迫,1,0.6933,3,1,0.3333
RWF/LWF,吊射控制,1,0.6933,3,1,0.3333
AMF,两次触球,3,2.88,3,3,1.0
AMF,远射,3,2.88,3,3,1.0
AMF,远距离弧线球,3,2.88,3,3,1.0
AMF,一脚射门,3,2.7333,3,3,1.0
AMF,一脚传球,3,2.5,3,2,0.6667
AMF,直传球,3,2.5,3,2,0.6667
AMF,足底控球,2,2.0833,3,2,0.6667
AMF,马赛回旋,2,1.9667,3,2,0.6667
AMF,外脚背弧线球,2,1.92,3,1,0.3333
AMF,牛摆尾,2,1.8667,3,2,0.6667
AMF,精确横传球,2,1.8133,3,3,1.0
AMF,急坠射门,1,1.3067,3,1,0.3333
AMF,杂技般进球,1,1.3067,3,1,0.3333
AMF,精准长传,1,1.3067,3,1,0.3333
AMF,脚跟绝技,1,1.3,3,2,0.6667
AMF,低空传球,1,1.2267,3,1,0.3333
AMF,超级候补,1,0.9667,3,2,0.6667
AMF,截球,1,0.8533,3,1,0.3333
AMF,战斗精神,1,0.7733,3,1,0.3333
AMF,假摔,1,0.6933,3,1,0.3333
AMF,压迫,1,0.6933,3,1,0.3333
CMF,截球,3,2.6133,3,3,1.0
CMF,一脚传球,3,2.5,3,2,0.6667
CMF,直传球,3,2.5,3,2,0.6667
CMF,两次触球,2,2.3467,3,3,1.0
CMF,远射,2,2.3467,3,3,1.0
CMF,盯人,2,2.2133,3,3,1.0
CMF,精准长传,2,2.0933,3,3,1.0
CMF,空中优势,2,2.0667,3,2,0.6667
CMF,精确横传球,2,2.0667,3,2,0.6667
CMF,低空传球,2,2.0333,3,2,0.6667
CMF,远距离弧线球,2,1.7333,3,2,0.6667
CMF,外脚背弧线球,2,1.6533,3,1,0.3333
CMF,马赛回旋,2,1.6333,3,2,0.6667
CMF,封堵,2,1.5667,3,2,0.6667
CMF,一脚射门,1,1.4667,3,1,0.3333
CMF,飞身铲球,1,1.4667,3,2,0.6667
CMF,足底控球,1,1.3333,3,1,0.3333
CMF,脚跟绝技,1,1.3067,3,1,0.3333
CMF,头球,1,1.3,3,2,0.6667
CMF,压迫,1,1.2267,3,1,0.3333
CMF,杂技般解围,1,1.04,3,1,0.3333
CMF,战斗精神,1,0.7733,3,1,0.3333
CMF,超级候补,1,0.7733,3,1,0.3333
CMF,假摔,1,0.6933,3,1,0.3333
DMF,截球,3,2.88,3,3,1.0
DMF,封堵,3,2.7467,3,3,1.0
DMF,盯人,3,2.7467,3,3,1.0
DMF,空中优势,3,2.6133,3,3,1.0
DMF,一脚传球,3,2.5,3,2,0.6667
DMF,直传球,3,2.5,3,2,0.6667
DMF,飞身铲球,2,2.4933,3,3,1.0
DMF,精准长传,2,2.36,3,3,1.0
DMF,低空传球,2,2.0333,3,2,0.6667
DMF,头球,2,1.8267,3,3,1.0
DMF,压迫,2,1.76,3,1,0.3333
DMF,外脚背弧线球,2,1.6533,3,1,0.3333
DMF,战斗精神,2,1.6333,3,2,0.6667
DMF,杂技般解围,2,1.6333,3,2,0.6667
DMF,精确横传球,1,1.3867,3,1,0.3333
DMF,一脚射门,1,1.2,3,1,0.3333
DMF,远射,1,1.12,3,1,0.3333
DMF,两次触球,1,0.8533,3,1,0.3333
DMF,远距离弧线球,1,0.8533,3,1,0.3333
DMF,足底控球,1,0.6667,3,1,0.3333
RMF/LMF,两次触球,2,2.48,2,2,1.0
RMF/LMF,远距离弧线球,2,2.48,2,2,1.0
RMF/LMF,远射,2,2.28,2,2,1.0
RMF/LMF,一脚传球,2,2.25,2,1,0.5
RMF/LMF,直传球,2,2.25,2,1,0.5
RMF/LMF,外脚背弧线球,2,2.16,2,1,0.5
RMF/LMF,精确横传球,2,2.16,2,1,0.5
RMF/LMF,一脚射门,2,1.95,2,1,0.5
RMF/LMF,足底控球,2,1.875,2,1,0.5
RMF/LMF,牛摆尾,2,1.68,2,1,0.5
RMF/LMF,空中优势,2,1.56,2,1,0.5
RMF/LMF,脚跟绝技,1,1.47,2,1,0.5
RMF/LMF,马赛回旋,1,1.47,2,1,0.5
RMF/LMF,截球,1,1.28,2,2,1.0
RMF/LMF,杂技般进球,1,1.17,2,1,0.5
RMF/LMF,精准长传,1,1.17,2,1,0.5
RMF/LMF,低空传球,1,1.08,2,1,0.5
RMF/LMF,封堵,1,0.96,2,1,0.5
RMF/LMF,战斗精神,1,0.87,2,1,0.5
RMF/LMF,超级候补,1,0.87,2,1,0.5
RMF/LMF,飞身铲球,1,0.87,2,1,0.5
RMF/LMF,假摔,1,0.78,2,1,0.5
RMF/LMF,压迫,1,0.78,2,1,0.5
RB/LB,封堵,3,2.88,3,3,1.0
RB/LB,截球,3,2.88,3,3,1.0
RB/LB,盯人,3,2.88,3,3,1.0
RB/LB,一脚传球,3,2.5,3,2,0.6667
RB/LB,直传球,3,2.5,3,2,0.6667
RB/LB,飞身铲球,2,2.4933,3,3,1.0
RB/LB,空中优势,2,2.4356,3,3,1.0
RB/LB,精确横传球,2,2.4,3,2,0.6667
RB/LB,精准长传,2,2.2267,3,3,1.0
RB/LB,杂技般解围,2,2.0489,3,3,1.0
RB/LB,低空传球,2,1.8667,3,2,0.6667
RB/LB,两次触球,2,1.8133,3,3,1.0
RB/LB,战斗精神,2,1.6333,3,2,0.6667
RB/LB,头球,1,1.4111,3,2,0.6667
RB/LB,足底控球,1,1.3333,3,1,0.3333
RB/LB,向后切球并转身,1,1.3067,3,1,0.3333
RB/LB,马赛回旋,1,1.3067,3,1,0.3333
RB/LB,牛摆尾,1,1.2267,3,1,0.3333
RB/LB,外脚背弧线球,1,1.0667,3,2,0.6667
RB/LB,远射,1,0.8533,3,1,0.3333
RB/LB,远距离弧线球,1,0.8533,3,1,0.3333
CB,封堵,3,2.88,3,3,1.0
CB,截球,3,2.88,3,3,1.0
CB,盯人,3,2.88,3,3,1.0
CB,空中优势,3,2.88,3,3,1.0
CB,一脚传球,3,2.5,3,2,0.6667
CB,精准长传,2,2.4933,3,3,1.0
CB,飞身铲球,2,2.4933,3,3,1.0
CB,头球,2,2.2267,3,3,1.0
CB,杂技般解围,2,2.2267,3,3,1.0
CB,低空传球,2,1.8667,3,2,0.6667
CB,战斗精神,2,1.6333,3,2,0.6667
CB,直传球,2,1.5,3,2,0.6667
CB,外脚背弧线球,1,1.4,3,2,0.6667
GK,守门员低弹道凌空球,3,2.76,2,2,1.0
GK,精准长传,2,2.36,2,2,1.0
GK,守门员长距离投掷,2,2.24,2,2,1.0
GK,守门员扑点球,2,1.84,2,2,1.0
GK,一脚传球,2,1.8,2,2,1.0
GK,直传球,2,1.8,2,2,1.0
GK,低空传球,1,1.38,2,1,0.5
GK,守门员高弹道凌空球,1,1.38,2,1,0.5
GK,外脚背弧线球,1,1.28,2,2,1.0
GK,战斗精神,1,0.87,2,1,0.5
