序号,属性名称-中文,属性名称-英文,属性分类-中文,属性分类-英文,属性描述-中文,属性描述-英文
1,进攻意识,Attacking Awareness,进攻技能,Attack,"表示进攻时的反应速度，例如突破防守时的反应速度。","Indicates reaction speed when attacking, such as when running past the defence."
2,控球,Ball Control,进攻技能,Attack,"表示在停球或使用假动作时的精准度。","Indicates accuracy when trapping or using a feint to set up the next play."
3,盘球,Dribbling,进攻技能,Attack,"表示盘球时的精准度、敏捷性、最高速度和加速度。","Indicates accuracy, quickness, top speed and acceleration when dribbling."
4,紧密控球,Tight Possession,进攻技能,Attack,"显示球员在低速盘球时的转身能力。","Indicates how skilled the player is at performing turns while dribbling at low speed."
5,地面传球,Low Pass,进攻技能,Attack,"表示地面传球（直传球、传中球等）的精准度和速度。","Indicates the accuracy and speed of Low Passes (through balls, crosses, etc.)."
6,空中传球,Lofted Pass,进攻技能,Attack,"表示空中传球（吊球等）的精准度和速度。","Indicates the accuracy and speed of Lofted Passes (chipped through balls, etc.)."
7,射门,Finishing,进攻技能,Attack,"表示射门时精准度，影响第一次射门或失去平衡等情况下的射门精准度。","Indicates shooting accuracy, including shots hit first time or off-balance."
8,头球,Heading,进攻技能,Attack,"表示射门、传球或解围时头球的精准度和速度。","Indicates heading accuracy and speed when shooting, passing or clearing."
9,罚定位球,Set Piece Taking,进攻技能,Attack,"显示球员包括任意球及点球在内的定位球精准度。","Indicates the player's accuracy during set pieces including free kicks and penalties."
10,弧线球,Curl,进攻技能,Attack,"表示射门、传球和罚定位球时可以施加的弧度。","Indicates how much curl can be put on shots, passes and set pieces."
11,防守意识,Defensive Awareness,防守技能,Defence,"表示防守时的反应速度，例如持球者施压时的反应速度。","Indicates reaction speed when defending, such as when pressing the ball carrier."
12,抢球,Tackling,防守技能,Defence,"表示抢断动作（滑铲、原地抢断等）的有效范围。","Indicates the range of tackles (sliding, standing, etc.) used to win the ball."
13,积极性,Aggression,防守技能,Defence,"表示球员为夺取球权而施压和抢断的积极程度。","Indicates how aggressively a player presses and tackles to win the ball."
14,防守参与度,Defensive Engagement,防守技能,Defence,"表示参与防守（例如迅速回到原位）的意愿。","Indicates eagerness to defend, such as getting back into position quickly."
15,守门员意识,GK Awareness,防守技能,Defence,"表示守门员的反应速度，影响调整站位和恢复姿态的速度。","Indicates a keeper's reaction speed and affects positioning and recovery speed."
16,守门员接球能力,GK Catching,防守技能,Defence,"表示球员作为守门员时用手接球的能力。数值越大，表示球员接住强劲射门的能力越高。","Indicates the player's ability to catch the ball when playing in goal. A higher value means that the player can catch more powerful shots."
17,守门员扑救,GK Parrying,防守技能,Defence,"表示守门员将球挡出安全范围以防止二次进攻的能力。","Indicates a keeper's ability to knock shots to safety to prevent second chances."
18,守门员扑救反应,GK Reflexes,防守技能,Defence,"表示守门员应对近距离射门（例如单刀球）的能力。","Indicates a keeper's ability to respond to close shots, such as during 1v1s."
19,守门员臂展,GK Reach,防守技能,Defence,"表示守门员对快速或角度刁钻的射门的封堵范围。","Indicates a keeper's shot-blocking range against fast-paced or well-placed shots."
20,速度,Speed,力量,Strength,"表示球员的奔跑速度，它会影响移动和盘球。","Indicates how fast the player can run and affects movement and dribbling."
21,加速,Acceleration,力量,Strength,"表示球员的加速度，它会影响移动和盘球。","Indicates acceleration speed and affects movement and dribbling."
22,脚下力量,Kicking Power,力量,Strength,"表示射门、传球和定位球时可以施加的力量。","Indicates how much power can be added when kicking shots, passes and set pieces."
23,跳起,Jumping,力量,Strength,"表示跳跃能力，影响高空头球和空中争顶的成功率。","Indicates jumping ability and affects high headers and success in aerial duels."
24,身体接触,Physical Contact,力量,Strength,"显示球员对抗对手以及被施压时保持平衡的能力。","Indicates how well the player can hold off opponents and keep his balance when physically pressured."
25,平衡,Balance,力量,Strength,"显示球员挡开铲球的能力以及身体失去平衡时避免摔倒的能力。","Indicates how well the player can fend off tackles and keep his feet when he loses balance due to physical contact."
26,体力,Stamina,力量,Strength,"显示球员的体力与耐力。","Indicates the player's level of fitness and endurance."
