序号,技能,大丸子,射门三件套,射门四件套,搓射套,传球三件套,挑传直塞套,防守核心技能组,逆足精度低
1,剪刀脚假动作,"","","","","","","",""
2,两次触球,✓,"","","","","","",""
3,牛摆尾,✓,"","","","","","",""
4,马赛回旋,"","","","","","","",""
5,挑球过顶,"","","","","","","",""
6,脚后跟磕球变向,"","","","","","","",""
7,向后切球并转身,"","","","","","","",""
8,磕球过人,"","","","","","","",""
9,后脚磕球变向,"","","","","","","",""
10,足底控球,✓,"","",✓,"","","",""
11,旋风盘带,"","","","","","","",""
12,瞬间加速,"","","","","","","",""
13,磁力脚,"","","","","","","",""
14,头球,"","","","","","","",""
15,炮弹式头球,"","","","","","","",""
16,远距离弧线球,"",✓,✓,✓,"","","",""
17,弧线落叶射门,"","","","","","","",""
18,吊射控制,"","","","","","","",""
19,落叶球射门,"","","","","","","",""
20,急坠射门,"","","","","","","",""
21,急升射门,"","","","","","","",""
22,远射,"",✓,✓,✓,"","","",""
23,掠地瞬击,"","","","","","","",""
24,瞬发射门,"","","","","","","",""
25,杂技般进球,"","",✓,"","","","",""
26,脚跟绝技,"","","","","","","",""
27,一脚射门,"",✓,✓,✓,"","","",""
28,无定型射门,"","","","","","","",""
29,百折不挠,"","","","","","","",""
30,一脚传球,"","","","",✓,"","",""
31,直传球,"","","","",✓,"","",""
32,精准长传,"","","","","",✓,"",""
33,精确横传球,"","","","",✓,"","",""
34,急坠传中,"","","","","","","",""
35,外脚背弧线球,"","","","","","","",✓
36,插花脚,"","","","","","","",""
37,不看球员传球,"","","","","","","",""
38,翻盘传球,"","","","","","","",""
39,到位传球,"","","","","","","",""
40,无定型传球,"","","","","","","",""
41,低空传球,"","","","","",✓,"",""
42,守门员低弹道凌空球,"","","","","","","",""
43,守门员高弹道凌空球,"","","","","","","",""
44,长距离投掷,"","","","","","","",""
45,守门员长距离投掷,"","","","","","","",""
46,点球专家,"","","","","","","",""
47,守门员扑点球,"","","","","","","",""
48,守门员指挥防守,"","","","","","","",""
49,门神战吼,"","","","","","","",""
50,假摔,"","","","","","","",""
51,盯人,"","","","","","",✓,""
52,压迫,"","","","","","","",""
53,截球,"","","","","","",✓,""
54,封堵,"","","","","","",✓,""
55,空中优势,"","","","","","",✓,""
56,飞身铲球,"","","","","","","",""
57,伸脚抢截,"","","","","","","",""
58,后防领袖,"","","","","","","",""
59,杂技般解围,"","","","","","","",""
60,空中堡垒,"","","","","","","",""
61,紧急回防,"","","","","","","",""
62,队长,"","","","","","","",""
63,进攻号手,"","","","","","","",""
64,超级候补,"","","","","","","",""
65,战斗精神,"","","","","","","",""
66,进攻提速,"","","","","","","",""
67,强力抢断,"","","","","","","",""
