技能,CF,SS,RWF/LWF,AMF,CMF,DMF,RMF/LMF,RB/LB,CB,GK
剪刀脚假动作,0,0,0,0,0,0,0,0,0,0
两次触球,3,3,3,3,2,1,2,2,0,0
牛摆尾,1,2,2,2,0,0,2,1,0,0
马赛回旋,1,1,2,2,2,0,1,1,0,0
挑球过顶,0,0,0,0,0,0,0,0,0,0
脚后跟磕球变向,0,0,0,0,0,0,0,0,0,0
向后切球并转身,1,0,0,0,0,0,0,1,0,0
磕球过人,0,0,0,0,0,0,0,0,0,0
后脚磕球变向,0,0,0,0,0,0,0,0,0,0
足底控球,2,2,2,2,1,1,2,1,0,0
旋风盘带,0,0,0,0,0,0,0,0,0,0
瞬间加速,0,0,0,0,0,0,0,0,0,0
磁力脚,0,0,0,0,0,0,0,0,0,0
头球,2,0,0,0,1,2,0,1,2,0
炮弹式头球,0,0,0,0,0,0,0,0,0,0
远距离弧线球,2,2,3,3,2,1,2,1,0,0
弧线落叶射门,0,0,0,0,0,0,0,0,0,0
吊射控制,1,1,1,0,0,0,0,0,0,0
落叶球射门,0,0,0,0,0,0,0,0,0,0
急坠射门,2,1,1,1,0,0,0,0,0,0
急升射门,0,0,0,0,0,0,0,0,0,0
远射,3,3,3,3,2,1,2,1,0,0
掠地瞬击,0,0,0,0,0,0,0,0,0,0
瞬发射门,0,0,0,0,0,0,0,0,0,0
杂技般进球,2,1,1,1,0,0,1,0,0,0
脚跟绝技,1,1,1,1,1,0,1,0,0,0
一脚射门,3,3,3,3,1,1,2,0,0,0
无定型射门,0,0,0,0,0,0,0,0,0,0
百折不挠,0,0,0,0,0,0,0,0,0,0
一脚传球,3,3,3,3,3,3,2,3,3,2
直传球,2,3,3,3,3,3,2,3,2,2
精准长传,0,0,1,1,2,2,1,2,2,2
精确横传球,0,2,2,2,2,1,2,2,0,0
急坠传中,0,0,0,0,0,0,0,0,0,0
外脚背弧线球,2,1,2,2,2,2,2,1,1,1
插花脚,0,0,0,0,0,0,0,0,0,0
不看球员传球,0,0,0,0,0,0,0,0,0,0
翻盘传球,0,0,0,0,0,0,0,0,0,0
到位传球,0,0,0,0,0,0,0,0,0,0
无定型传球,0,0,0,0,0,0,0,0,0,0
低空传球,0,0,1,1,2,2,1,2,2,1
守门员低弹道凌空球,0,0,0,0,0,0,0,0,0,3
守门员高弹道凌空球,0,0,0,0,0,0,0,0,0,1
长距离投掷,0,0,0,0,0,0,0,0,0,0
守门员长距离投掷,0,0,0,0,0,0,0,0,0,2
点球专家,0,0,0,0,0,0,0,0,0,0
守门员扑点球,0,0,0,0,0,0,0,0,0,2
守门员指挥防守,0,0,0,0,0,0,0,0,0,0
门神战吼,0,0,0,0,0,0,0,0,0,0
假摔,1,1,1,1,1,0,1,0,0,0
盯人,0,0,0,0,2,3,0,3,3,0
压迫,1,0,1,1,1,2,1,0,0,0
截球,0,0,1,1,3,3,1,3,3,0
封堵,0,0,0,0,2,3,1,3,3,0
空中优势,2,0,0,0,2,3,2,2,3,0
飞身铲球,0,0,0,0,1,2,1,2,2,0
伸脚抢截,0,0,0,0,0,0,0,0,0,0
后防领袖,0,0,0,0,0,0,0,0,0,0
杂技般解围,0,0,0,0,1,2,0,2,2,0
空中堡垒,0,0,0,0,0,0,0,0,0,0
紧急回防,0,0,0,0,0,0,0,0,0,0
队长,0,0,0,0,0,0,0,0,0,0
进攻号手,0,0,0,0,0,0,0,0,0,0
超级候补,1,1,1,1,1,0,1,0,0,0
战斗精神,2,1,1,1,1,2,1,2,2,1
进攻提速,0,0,0,0,0,0,0,0,0,0
强力抢断,0,0,0,0,0,0,0,0,0,0
