序号,技巧名称-中文,技巧名称-英文,CF,SS,LWF/RWF/LMF/RMF-逆足边路，内切为主,LWF/RWF/LMF/RMF-顺足边路，传中为主,AMF,CMF-B2B、组织型,CMF/DMF-扫荡型（破坏者、全能、无风格）,DMF-拖后型（靠山、指挥官）,LB/RB-顺足边后卫，非叠瓦,CB,GK,技能推荐度
1,剪刀脚假动作,Scissors Feint,,,,,,,,,,,,★☆☆☆☆
2,两次触球,Double Touch,★★,★★★,★★★,★★★,★★★,★★,,,★★,,,★★★★☆
3,牛摆尾,Flip Flap,★,★★★,★★★,★★,★★★,,,,,,,★★☆☆☆
4,马赛回旋,Marseille Turn,,,,,,,,,,,,★★★☆☆
5,挑球过顶,Sombrero,,,,,,,,,,,,★☆☆☆☆
6,脚后跟磕球变向,Chop Turn,,,,,,,,,,,,★☆☆☆☆
7,向后切球并转身,Cut Behind & Turn,,,,,,,,,,,,★★★☆☆
8,磕球过人,Scotch Move,,,,,,,,,,,,★☆☆☆☆
9,后脚磕球变向,Tap Trick,,,,,,,,,,,,★★★☆☆
10,足底控球,Sole Control,★★,★★★,★★★,★★,★★★,★★,,★,,,,—
11,旋风盘带,Momentum Dribbling,,,,,,,,,,,,★★★★★
12,瞬间加速,Acceleration Burst,,,,,,,,,,,,★★★☆☆
13,磁力脚,Magnetic Feet,,,,,,,,,,,,★★★★☆
14,头球,Heading,★★,,,,,★,★,★★,,★★,,★★★☆☆
15,炮弹式头球,Bullet Header,,,,,,,,,,,,★★★★☆
16,远距离弧线球,Long-range Curler,★★★,★★★,★★★,★★★,★★★,★★,,★,★,,,★★★★☆
17,弧线落叶射门,Blitz Curler,,,,,,,,,,,,★★★★☆
18,吊射控制,Chip Shot Control,,,,,,,,,,,,★★☆☆☆
19,落叶球射门,Knuckle Shot,,,,,,,,,,,,★★☆☆☆
20,急坠射门,Dipping Shot,,,,,,,,,,,,★★★☆☆
21,急升射门,Rising Shot,,,,,,,,,,,,★★☆☆☆
22,远射,Long-range Shooting,★★★,★★★,★★★,★★,★★★,★★★,★,★★,★,,,★★★★☆
23,掠地瞬击,Low Screamer,,,,,,,,,,,,★★★★☆
24,瞬发射门,Snap Strike,,,,,,,,,,,,★★★★☆
25,杂技般进球,Acrobatic Finishing,★★★,★★,★★,★,★★,,,,,,,★★★☆☆
26,脚跟绝技,Heel Trick,★,★,,,★,,,,,,,★★★☆☆
27,一脚射门,First-time Shot,★★★,★★★,★★★,★★,★★★,★★★,★,★★,,,,★★★★★
28,无定型射门,Phenomenal Finishing,,,,,,,,,,,,★★★★☆
29,百折不挠,Willpower,,,,,,,,,,,,★★☆☆☆
30,一脚传球,One-touch Pass,★★★,★★★,★★★,★★★,★★★,★★★,★★★,★★★,★★★,★★★,★★,★★★★★
31,直传球,Through Passing,★★,★★★,★★★,★★★,★★★,★★★,★★★,★★★,★★★,★★,★★,★★★★★
32,精准长传,Weighted Pass,,,★,★★,★★,★★★,★★,★★★,★★,★★,★★,★★★☆☆
33,精确横传球,Pinpoint Crossing,,★★,★★★,★★★,★★,★★,,,★★★,,,★★★★☆
34,急坠传中,Edged Crossing,,,,,,,,,,,,★★★★☆
35,外脚背弧线球,Outside Curler,★★★,★★,★★★,★★★,★★★,★★★,★★,★★★,★,★★,★,★★★★☆
36,插花脚,Rabona,,,,,,,,,,,,★☆☆☆☆
37,不看球员传球,No Look Pass,,,,,,,,,,,,★☆☆☆☆
38,翻盘传球,Game-changing Pass,,,,,,,,,,,,★☆☆☆☆
39,到位传球,Visionary Pass,,,,,,,,,,,,★★★☆☆
40,无定型传球,Phenomenal Pass,,,,,,,,,,,,★★★★★
41,低空传球,Low Lofted Pass,,,★,★★,★★,★★★,★★,★★★,★★,★★,★★,★★☆☆☆
42,守门员低弹道凌空球,GK Low Punt,,,,,,,,,,,★★★,★★★☆☆
43,守门员高弹道凌空球,GK High Punt,,,,,,,,,,,,★★☆☆☆
44,长距离投掷,Long Throw,,,,,,,,,,,,★★☆☆☆
45,守门员长距离投掷,GK Long Throw,,,,,,,,,,,★★,★★☆☆☆
46,点球专家,Penalty Specialist,,,,,,,,,,,,★☆☆☆☆
47,守门员扑点球,GK Penalty Saver,,,,,,,,,,,★★,★★☆☆☆
48,守门员指挥防守,GK Directing Defence,,,,,,,,,,,,★★☆☆☆
49,门神战吼,GK Spirit Roar,,,,,,,,,,,,★★☆☆☆
50,假摔,Gamesmanship,,,,,,,,,,,,★★☆☆☆
51,盯人,Man Marking,,,,,,★★,★★★,★★,★★★,★★★,,★★★★☆
52,压迫,Track Back,★,,★,★,★,★,★★★,,,,,★★☆☆☆
53,截球,Interception,,,★,★,★,★★★,★★★,★★★,★★★,★★★,,★★★★☆
54,封堵,Blocker,,,,,,★★★,★★,★★★,★★★,★★★,,★★★★☆
55,空中优势,Aerial Superiority,★★,,,,,★★★,★★★,★★★,★★,★★★,,★★★★☆
56,飞身铲球,Sliding Tackle,,,,,,★,★★,★★,★★,★★,,★★★☆☆
57,伸脚抢截,Long-reach Tackle,,,,,,,,,,,,★★★★★
58,后防领袖,Fortress,,,,,,,,,,,,★★★☆☆
59,杂技般解围,Acrobatic Clearance,,,,,,★,★★,★★,★,★,,★★★☆☆
60,空中堡垒,Aerial Fort,,,,,,,,,,,,★★★☆☆
61,紧急回防,Shadow Hunt,,,,,,,,,,,,★★★★☆
62,队长,Captaincy,,,,,,,,,,,,★★☆☆☆
63,进攻号手,Attack Trigger,,,,,,,,,,,,★★☆☆☆
64,超级候补,Super-sub,★,★,★,★,★,★,,,,,,★★★☆☆
65,战斗精神,Fighting Spirit,★,★,★,★,★,★,★,★,★,★,★,★★★☆☆
66,进攻提速,Attacking Surge,,,,,,,,,,,,★★★★★
67,强力抢断,Power Tackle,,,,,,,,,,,,★★★★☆
